date_index,vessel_id,route_id,p10_rate,p50_rate,p90_rate
2026-09-07,V-001,R-01,19.24,19.93,20.62
2026-09-07,V-001,R-02,18.85,19.53,20.2
2026-09-07,V-001,R-03,19.05,19.73,20.41
2026-09-07,V-001,R-04,19.43,20.13,20.82
2026-09-07,V-001,R-05,19.43,20.13,20.82
2026-09-07,V-001,R-06,19.05,19.73,20.41
2026-09-07,V-001,R-07,19.24,19.93,20.62
2026-09-07,V-001,R-08,18.66,19.33,20.0
2026-09-07,V-001,R-09,25.59,26.51,27.42
2026-09-07,V-001,R-10,29.05,30.1,31.13
2026-09-07,V-002,R-01,21.38,22.15,22.91
2026-09-07,V-002,R-02,20.95,21.7,22.45
2026-09-07,V-002,R-03,21.16,21.93,22.68
2026-09-07,V-002,R-04,21.59,22.37,23.14
2026-09-07,V-002,R-05,21.59,22.37,23.14
2026-09-07,V-002,R-06,21.16,21.93,22.68
2026-09-07,V-002,R-07,21.38,22.15,22.91
2026-09-07,V-002,R-08,20.73,21.48,22.22
2026-09-07,V-002,R-09,28.43,29.46,30.47
2026-09-07,V-002,R-10,32.28,33.44,34.59
2026-09-07,V-003,R-01,21.59,22.37,23.14
2026-09-07,V-003,R-02,21.16,21.92,22.67
2026-09-07,V-003,R-03,21.37,22.14,22.9
2026-09-07,V-003,R-04,21.81,22.59,23.37
2026-09-07,V-003,R-05,21.81,22.59,23.37
2026-09-07,V-003,R-06,21.37,22.14,22.9
2026-09-07,V-003,R-07,21.59,22.37,23.14
2026-09-07,V-003,R-08,20.94,21.7,22.44
2026-09-07,V-003,R-09,28.71,29.75,30.77
2026-09-07,V-003,R-10,32.6,33.78,34.93
2026-09-07,V-004,R-01,21.59,22.37,23.14
2026-09-07,V-004,R-02,21.16,21.92,22.67
2026-09-07,V-004,R-03,21.37,22.14,22.9
2026-09-07,V-004,R-04,21.81,22.59,23.37
2026-09-07,V-004,R-05,21.81,22.59,23.37
2026-09-07,V-004,R-06,21.37,22.14,22.9
2026-09-07,V-004,R-07,21.59,22.37,23.14
2026-09-07,V-004,R-08,20.94,21.7,22.44
2026-09-07,V-004,R-09,28.71,29.75,30.77
2026-09-07,V-004,R-10,32.6,33.78,34.93
2026-09-07,V-005,R-01,21.8,22.59,23.36
2026-09-07,V-005,R-02,21.37,22.14,22.9
2026-09-07,V-005,R-03,21.58,22.36,23.13
2026-09-07,V-005,R-04,22.02,22.82,23.6
2026-09-07,V-005,R-05,22.02,22.82,23.6
2026-09-07,V-005,R-06,21.58,22.36,23.13
2026-09-07,V-005,R-07,21.8,22.59,23.36
2026-09-07,V-005,R-08,21.15,21.91,22.66
2026-09-07,V-005,R-09,29.0,30.04,31.07
2026-09-07,V-005,R-10,32.92,34.11,35.28
2026-09-08,V-001,R-01,19.24,19.93,20.62
2026-09-08,V-001,R-02,18.85,19.53,20.2
2026-09-08,V-001,R-03,19.05,19.73,20.41
2026-09-08,V-001,R-04,19.43,20.13,20.82
2026-09-08,V-001,R-05,19.43,20.13,20.82
2026-09-08,V-001,R-06,19.05,19.73,20.41
2026-09-08,V-001,R-07,19.24,19.93,20.62
2026-09-08,V-001,R-08,18.66,19.33,20.0
2026-09-08,V-001,R-09,25.59,26.51,27.42
2026-09-08,V-001,R-10,29.05,30.1,31.13
2026-09-08,V-002,R-01,21.38,22.15,22.91
2026-09-08,V-002,R-02,20.95,21.7,22.45
2026-09-08,V-002,R-03,21.16,21.93,22.68
2026-09-08,V-002,R-04,21.59,22.37,23.14
2026-09-08,V-002,R-05,21.59,22.37,23.14
2026-09-08,V-002,R-06,21.16,21.93,22.68
2026-09-08,V-002,R-07,21.38,22.15,22.91
2026-09-08,V-002,R-08,20.73,21.48,22.22
2026-09-08,V-002,R-09,28.43,29.46,30.47
2026-09-08,V-002,R-10,32.28,33.44,34.59
2026-09-08,V-003,R-01,21.59,22.37,23.14
2026-09-08,V-003,R-02,21.16,21.92,22.67
2026-09-08,V-003,R-03,21.37,22.14,22.9
2026-09-08,V-003,R-04,21.81,22.59,23.37
2026-09-08,V-003,R-05,21.81,22.59,23.37
2026-09-08,V-003,R-06,21.37,22.14,22.9
2026-09-08,V-003,R-07,21.59,22.37,23.14
2026-09-08,V-003,R-08,20.94,21.7,22.44
2026-09-08,V-003,R-09,28.71,29.75,30.77
2026-09-08,V-003,R-10,32.6,33.78,34.93
2026-09-08,V-004,R-01,21.59,22.37,23.14
2026-09-08,V-004,R-02,21.16,21.92,22.67
2026-09-08,V-004,R-03,21.37,22.14,22.9
2026-09-08,V-004,R-04,21.81,22.59,23.37
2026-09-08,V-004,R-05,21.81,22.59,23.37
2026-09-08,V-004,R-06,21.37,22.14,22.9
2026-09-08,V-004,R-07,21.59,22.37,23.14
2026-09-08,V-004,R-08,20.94,21.7,22.44
2026-09-08,V-004,R-09,28.71,29.75,30.77
2026-09-08,V-004,R-10,32.6,33.78,34.93
2026-09-08,V-005,R-01,21.8,22.59,23.36
2026-09-08,V-005,R-02,21.37,22.14,22.9
2026-09-08,V-005,R-03,21.58,22.36,23.13
2026-09-08,V-005,R-04,22.02,22.82,23.6
2026-09-08,V-005,R-05,22.02,22.82,23.6
2026-09-08,V-005,R-06,21.58,22.36,23.13
2026-09-08,V-005,R-07,21.8,22.59,23.36
2026-09-08,V-005,R-08,21.15,21.91,22.66
2026-09-08,V-005,R-09,29.0,30.04,31.07
2026-09-08,V-005,R-10,32.92,34.11,35.28
2026-09-09,V-001,R-01,19.24,19.93,20.62
2026-09-09,V-001,R-02,18.85,19.53,20.2
2026-09-09,V-001,R-03,19.05,19.73,20.41
2026-09-09,V-001,R-04,19.43,20.13,20.82
2026-09-09,V-001,R-05,19.43,20.13,20.82
2026-09-09,V-001,R-06,19.05,19.73,20.41
2026-09-09,V-001,R-07,19.24,19.93,20.62
2026-09-09,V-001,R-08,18.66,19.33,20.0
2026-09-09,V-001,R-09,25.59,26.51,27.42
2026-09-09,V-001,R-10,29.05,30.1,31.13
2026-09-09,V-002,R-01,21.38,22.15,22.91
2026-09-09,V-002,R-02,20.95,21.7,22.45
2026-09-09,V-002,R-03,21.16,21.93,22.68
2026-09-09,V-002,R-04,21.59,22.37,23.14
2026-09-09,V-002,R-05,21.59,22.37,23.14
2026-09-09,V-002,R-06,21.16,21.93,22.68
2026-09-09,V-002,R-07,21.38,22.15,22.91
2026-09-09,V-002,R-08,20.73,21.48,22.22
2026-09-09,V-002,R-09,28.43,29.46,30.47
2026-09-09,V-002,R-10,32.28,33.44,34.59
2026-09-09,V-003,R-01,21.59,22.37,23.14
2026-09-09,V-003,R-02,21.16,21.92,22.67
2026-09-09,V-003,R-03,21.37,22.14,22.9
2026-09-09,V-003,R-04,21.81,22.59,23.37
2026-09-09,V-003,R-05,21.81,22.59,23.37
2026-09-09,V-003,R-06,21.37,22.14,22.9
2026-09-09,V-003,R-07,21.59,22.37,23.14
2026-09-09,V-003,R-08,20.94,21.7,22.44
2026-09-09,V-003,R-09,28.71,29.75,30.77
2026-09-09,V-003,R-10,32.6,33.78,34.93
2026-09-09,V-004,R-01,21.59,22.37,23.14
2026-09-09,V-004,R-02,21.16,21.92,22.67
2026-09-09,V-004,R-03,21.37,22.14,22.9
2026-09-09,V-004,R-04,21.81,22.59,23.37
2026-09-09,V-004,R-05,21.81,22.59,23.37
2026-09-09,V-004,R-06,21.37,22.14,22.9
2026-09-09,V-004,R-07,21.59,22.37,23.14
2026-09-09,V-004,R-08,20.94,21.7,22.44
2026-09-09,V-004,R-09,28.71,29.75,30.77
2026-09-09,V-004,R-10,32.6,33.78,34.93
2026-09-09,V-005,R-01,21.8,22.59,23.36
2026-09-09,V-005,R-02,21.37,22.14,22.9
2026-09-09,V-005,R-03,21.58,22.36,23.13
2026-09-09,V-005,R-04,22.02,22.82,23.6
2026-09-09,V-005,R-05,22.02,22.82,23.6
2026-09-09,V-005,R-06,21.58,22.36,23.13
2026-09-09,V-005,R-07,21.8,22.59,23.36
2026-09-09,V-005,R-08,21.15,21.91,22.66
2026-09-09,V-005,R-09,29.0,30.04,31.07
2026-09-09,V-005,R-10,32.92,34.11,35.28
2026-09-10,V-001,R-01,19.23,19.93,20.62
2026-09-10,V-001,R-02,18.84,19.53,20.2
2026-09-10,V-001,R-03,19.03,19.73,20.41
2026-09-10,V-001,R-04,19.42,20.13,20.82
2026-09-10,V-001,R-05,19.42,20.13,20.82
2026-09-10,V-001,R-06,19.03,19.73,20.41
2026-09-10,V-001,R-07,19.23,19.93,20.62
2026-09-10,V-001,R-08,18.65,19.33,20.0
2026-09-10,V-001,R-09,25.57,26.51,27.42
2026-09-10,V-001,R-10,29.03,30.1,31.13
2026-09-10,V-002,R-01,21.36,22.15,22.91
2026-09-10,V-002,R-02,20.94,21.7,22.45
2026-09-10,V-002,R-03,21.15,21.93,22.68
2026-09-10,V-002,R-04,21.58,22.37,23.14
2026-09-10,V-002,R-05,21.58,22.37,23.14
2026-09-10,V-002,R-06,21.15,21.93,22.68
2026-09-10,V-002,R-07,21.36,22.15,22.91
2026-09-10,V-002,R-08,20.72,21.48,22.22
2026-09-10,V-002,R-09,28.41,29.46,30.47
2026-09-10,V-002,R-10,32.26,33.44,34.59
2026-09-10,V-003,R-01,21.58,22.37,23.14
2026-09-10,V-003,R-02,21.15,21.92,22.67
2026-09-10,V-003,R-03,21.36,22.14,22.9
2026-09-10,V-003,R-04,21.79,22.59,23.37
2026-09-10,V-003,R-05,21.79,22.59,23.37
2026-09-10,V-003,R-06,21.36,22.14,22.9
2026-09-10,V-003,R-07,21.58,22.37,23.14
2026-09-10,V-003,R-08,20.93,21.7,22.44
2026-09-10,V-003,R-09,28.7,29.75,30.77
2026-09-10,V-003,R-10,32.58,33.78,34.93
2026-09-10,V-004,R-01,21.58,22.37,23.14
2026-09-10,V-004,R-02,21.15,21.92,22.67
2026-09-10,V-004,R-03,21.36,22.14,22.9
2026-09-10,V-004,R-04,21.79,22.59,23.37
2026-09-10,V-004,R-05,21.79,22.59,23.37
2026-09-10,V-004,R-06,21.36,22.14,22.9
2026-09-10,V-004,R-07,21.58,22.37,23.14
2026-09-10,V-004,R-08,20.93,21.7,22.44
2026-09-10,V-004,R-09,28.7,29.75,30.77
2026-09-10,V-004,R-10,32.58,33.78,34.93
2026-09-10,V-005,R-01,21.79,22.59,23.36
2026-09-10,V-005,R-02,21.35,22.14,22.9
2026-09-10,V-005,R-03,21.57,22.36,23.13
2026-09-10,V-005,R-04,22.01,22.82,23.6
2026-09-10,V-005,R-05,22.01,22.82,23.6
2026-09-10,V-005,R-06,21.57,22.36,23.13
2026-09-10,V-005,R-07,21.79,22.59,23.36
2026-09-10,V-005,R-08,21.14,21.91,22.66
2026-09-10,V-005,R-09,28.98,30.04,31.07
2026-09-10,V-005,R-10,32.9,34.11,35.28
2026-09-11,V-001,R-01,19.23,19.93,20.62
2026-09-11,V-001,R-02,18.84,19.53,20.2
2026-09-11,V-001,R-03,19.03,19.73,20.41
2026-09-11,V-001,R-04,19.42,20.13,20.82
2026-09-11,V-001,R-05,19.42,20.13,20.82
2026-09-11,V-001,R-06,19.03,19.73,20.41
2026-09-11,V-001,R-07,19.23,19.93,20.62
2026-09-11,V-001,R-08,18.65,19.33,20.0
2026-09-11,V-001,R-09,25.57,26.51,27.42
2026-09-11,V-001,R-10,29.03,30.1,31.13
2026-09-11,V-002,R-01,21.36,22.15,22.91
2026-09-11,V-002,R-02,20.94,21.7,22.45
2026-09-11,V-002,R-03,21.15,21.93,22.68
2026-09-11,V-002,R-04,21.58,22.37,23.14
2026-09-11,V-002,R-05,21.58,22.37,23.14
2026-09-11,V-002,R-06,21.15,21.93,22.68
2026-09-11,V-002,R-07,21.36,22.15,22.91
2026-09-11,V-002,R-08,20.72,21.48,22.22
2026-09-11,V-002,R-09,28.41,29.46,30.47
2026-09-11,V-002,R-10,32.26,33.44,34.59
2026-09-11,V-003,R-01,21.58,22.37,23.14
2026-09-11,V-003,R-02,21.15,21.92,22.67
2026-09-11,V-003,R-03,21.36,22.14,22.9
2026-09-11,V-003,R-04,21.79,22.59,23.37
2026-09-11,V-003,R-05,21.79,22.59,23.37
2026-09-11,V-003,R-06,21.36,22.14,22.9
2026-09-11,V-003,R-07,21.58,22.37,23.14
2026-09-11,V-003,R-08,20.93,21.7,22.44
2026-09-11,V-003,R-09,28.7,29.75,30.77
2026-09-11,V-003,R-10,32.58,33.78,34.93
2026-09-11,V-004,R-01,21.58,22.37,23.14
2026-09-11,V-004,R-02,21.15,21.92,22.67
2026-09-11,V-004,R-03,21.36,22.14,22.9
2026-09-11,V-004,R-04,21.79,22.59,23.37
2026-09-11,V-004,R-05,21.79,22.59,23.37
2026-09-11,V-004,R-06,21.36,22.14,22.9
2026-09-11,V-004,R-07,21.58,22.37,23.14
2026-09-11,V-004,R-08,20.93,21.7,22.44
2026-09-11,V-004,R-09,28.7,29.75,30.77
2026-09-11,V-004,R-10,32.58,33.78,34.93
2026-09-11,V-005,R-01,21.79,22.59,23.36
2026-09-11,V-005,R-02,21.35,22.14,22.9
2026-09-11,V-005,R-03,21.57,22.36,23.13
2026-09-11,V-005,R-04,22.01,22.82,23.6
2026-09-11,V-005,R-05,22.01,22.82,23.6
2026-09-11,V-005,R-06,21.57,22.36,23.13
2026-09-11,V-005,R-07,21.79,22.59,23.36
2026-09-11,V-005,R-08,21.14,21.91,22.66
2026-09-11,V-005,R-09,28.98,30.04,31.07
2026-09-11,V-005,R-10,32.9,34.11,35.28
2026-09-12,V-001,R-01,19.23,19.93,20.62
2026-09-12,V-001,R-02,18.84,19.53,20.2
2026-09-12,V-001,R-03,19.03,19.73,20.41
2026-09-12,V-001,R-04,19.42,20.13,20.82
2026-09-12,V-001,R-05,19.42,20.13,20.82
2026-09-12,V-001,R-06,19.03,19.73,20.41
2026-09-12,V-001,R-07,19.23,19.93,20.62
2026-09-12,V-001,R-08,18.65,19.33,20.0
2026-09-12,V-001,R-09,25.57,26.51,27.42
2026-09-12,V-001,R-10,29.03,30.1,31.13
2026-09-12,V-002,R-01,21.36,22.15,22.91
2026-09-12,V-002,R-02,20.94,21.7,22.45
2026-09-12,V-002,R-03,21.15,21.93,22.68
2026-09-12,V-002,R-04,21.58,22.37,23.14
2026-09-12,V-002,R-05,21.58,22.37,23.14
2026-09-12,V-002,R-06,21.15,21.93,22.68
2026-09-12,V-002,R-07,21.36,22.15,22.91
2026-09-12,V-002,R-08,20.72,21.48,22.22
2026-09-12,V-002,R-09,28.41,29.46,30.47
2026-09-12,V-002,R-10,32.26,33.44,34.59
2026-09-12,V-003,R-01,21.58,22.37,23.14
2026-09-12,V-003,R-02,21.15,21.92,22.67
2026-09-12,V-003,R-03,21.36,22.14,22.9
2026-09-12,V-003,R-04,21.79,22.59,23.37
2026-09-12,V-003,R-05,21.79,22.59,23.37
2026-09-12,V-003,R-06,21.36,22.14,22.9
2026-09-12,V-003,R-07,21.58,22.37,23.14
2026-09-12,V-003,R-08,20.93,21.7,22.44
2026-09-12,V-003,R-09,28.7,29.75,30.77
2026-09-12,V-003,R-10,32.58,33.78,34.93
2026-09-12,V-004,R-01,21.58,22.37,23.14
2026-09-12,V-004,R-02,21.15,21.92,22.67
2026-09-12,V-004,R-03,21.36,22.14,22.9
2026-09-12,V-004,R-04,21.79,22.59,23.37
2026-09-12,V-004,R-05,21.79,22.59,23.37
2026-09-12,V-004,R-06,21.36,22.14,22.9
2026-09-12,V-004,R-07,21.58,22.37,23.14
2026-09-12,V-004,R-08,20.93,21.7,22.44
2026-09-12,V-004,R-09,28.7,29.75,30.77
2026-09-12,V-004,R-10,32.58,33.78,34.93
2026-09-12,V-005,R-01,21.79,22.59,23.36
2026-09-12,V-005,R-02,21.35,22.14,22.9
2026-09-12,V-005,R-03,21.57,22.36,23.13
2026-09-12,V-005,R-04,22.01,22.82,23.6
2026-09-12,V-005,R-05,22.01,22.82,23.6
2026-09-12,V-005,R-06,21.57,22.36,23.13
2026-09-12,V-005,R-07,21.79,22.59,23.36
2026-09-12,V-005,R-08,21.14,21.91,22.66
2026-09-12,V-005,R-09,28.98,30.04,31.07
2026-09-12,V-005,R-10,32.9,34.11,35.28
2026-09-13,V-001,R-01,19.22,19.93,20.62
2026-09-13,V-001,R-02,18.84,19.53,20.2
2026-09-13,V-001,R-03,19.03,19.73,20.41
2026-09-13,V-001,R-04,19.41,20.13,20.82
2026-09-13,V-001,R-05,19.41,20.13,20.82
2026-09-13,V-001,R-06,19.03,19.73,20.41
2026-09-13,V-001,R-07,19.22,19.93,20.62
2026-09-13,V-001,R-08,18.64,19.33,20.0
2026-09-13,V-001,R-09,25.56,26.51,27.42
2026-09-13,V-001,R-10,29.02,30.1,31.13
2026-09-13,V-002,R-01,21.36,22.15,22.91
2026-09-13,V-002,R-02,20.93,21.7,22.45
2026-09-13,V-002,R-03,21.14,21.93,22.68
2026-09-13,V-002,R-04,21.57,22.37,23.14
2026-09-13,V-002,R-05,21.57,22.37,23.14
2026-09-13,V-002,R-06,21.14,21.93,22.68
2026-09-13,V-002,R-07,21.36,22.15,22.91
2026-09-13,V-002,R-08,20.72,21.48,22.22
2026-09-13,V-002,R-09,28.4,29.46,30.47
2026-09-13,V-002,R-10,32.25,33.44,34.59
2026-09-13,V-003,R-01,21.57,22.37,23.14
2026-09-13,V-003,R-02,21.14,21.92,22.67
2026-09-13,V-003,R-03,21.35,22.14,22.9
2026-09-13,V-003,R-04,21.79,22.59,23.37
2026-09-13,V-003,R-05,21.79,22.59,23.37
2026-09-13,V-003,R-06,21.35,22.14,22.9
2026-09-13,V-003,R-07,21.57,22.37,23.14
2026-09-13,V-003,R-08,20.92,21.7,22.44
2026-09-13,V-003,R-09,28.69,29.75,30.77
2026-09-13,V-003,R-10,32.57,33.78,34.93
2026-09-13,V-004,R-01,21.57,22.37,23.14
2026-09-13,V-004,R-02,21.14,21.92,22.67
2026-09-13,V-004,R-03,21.35,22.14,22.9
2026-09-13,V-004,R-04,21.79,22.59,23.37
2026-09-13,V-004,R-05,21.79,22.59,23.37
2026-09-13,V-004,R-06,21.35,22.14,22.9
2026-09-13,V-004,R-07,21.57,22.37,23.14
2026-09-13,V-004,R-08,20.92,21.7,22.44
2026-09-13,V-004,R-09,28.69,29.75,30.77
2026-09-13,V-004,R-10,32.57,33.78,34.93
2026-09-13,V-005,R-01,21.78,22.59,23.36
2026-09-13,V-005,R-02,21.35,22.14,22.9
2026-09-13,V-005,R-03,21.57,22.36,23.13
2026-09-13,V-005,R-04,22.0,22.82,23.6
2026-09-13,V-005,R-05,22.0,22.82,23.6
2026-09-13,V-005,R-06,21.57,22.36,23.13
2026-09-13,V-005,R-07,21.78,22.59,23.36
2026-09-13,V-005,R-08,21.13,21.91,22.66
2026-09-13,V-005,R-09,28.97,30.04,31.07
2026-09-13,V-005,R-10,32.89,34.11,35.28
2026-09-14,V-001,R-01,19.22,19.93,20.62
2026-09-14,V-001,R-02,18.84,19.53,20.2
2026-09-14,V-001,R-03,19.03,19.73,20.41
2026-09-14,V-001,R-04,19.41,20.13,20.82
2026-09-14,V-001,R-05,19.41,20.13,20.82
2026-09-14,V-001,R-06,19.03,19.73,20.41
2026-09-14,V-001,R-07,19.22,19.93,20.62
2026-09-14,V-001,R-08,18.64,19.33,20.0
2026-09-14,V-001,R-09,25.56,26.51,27.42
2026-09-14,V-001,R-10,29.02,30.1,31.13
2026-09-14,V-002,R-01,21.36,22.15,22.91
2026-09-14,V-002,R-02,20.93,21.7,22.45
2026-09-14,V-002,R-03,21.14,21.93,22.68
2026-09-14,V-002,R-04,21.57,22.37,23.14
2026-09-14,V-002,R-05,21.57,22.37,23.14
2026-09-14,V-002,R-06,21.14,21.93,22.68
2026-09-14,V-002,R-07,21.36,22.15,22.91
2026-09-14,V-002,R-08,20.72,21.48,22.22
2026-09-14,V-002,R-09,28.4,29.46,30.47
2026-09-14,V-002,R-10,32.25,33.44,34.59
2026-09-14,V-003,R-01,21.57,22.37,23.14
2026-09-14,V-003,R-02,21.14,21.92,22.67
2026-09-14,V-003,R-03,21.35,22.14,22.9
2026-09-14,V-003,R-04,21.79,22.59,23.37
2026-09-14,V-003,R-05,21.79,22.59,23.37
2026-09-14,V-003,R-06,21.35,22.14,22.9
2026-09-14,V-003,R-07,21.57,22.37,23.14
2026-09-14,V-003,R-08,20.92,21.7,22.44
2026-09-14,V-003,R-09,28.69,29.75,30.77
2026-09-14,V-003,R-10,32.57,33.78,34.93
2026-09-14,V-004,R-01,21.57,22.37,23.14
2026-09-14,V-004,R-02,21.14,21.92,22.67
2026-09-14,V-004,R-03,21.35,22.14,22.9
2026-09-14,V-004,R-04,21.79,22.59,23.37
2026-09-14,V-004,R-05,21.79,22.59,23.37
2026-09-14,V-004,R-06,21.35,22.14,22.9
2026-09-14,V-004,R-07,21.57,22.37,23.14
2026-09-14,V-004,R-08,20.92,21.7,22.44
2026-09-14,V-004,R-09,28.69,29.75,30.77
2026-09-14,V-004,R-10,32.57,33.78,34.93
2026-09-14,V-005,R-01,21.78,22.59,23.36
2026-09-14,V-005,R-02,21.35,22.14,22.9
2026-09-14,V-005,R-03,21.57,22.36,23.13
2026-09-14,V-005,R-04,22.0,22.82,23.6
2026-09-14,V-005,R-05,22.0,22.82,23.6
2026-09-14,V-005,R-06,21.57,22.36,23.13
2026-09-14,V-005,R-07,21.78,22.59,23.36
2026-09-14,V-005,R-08,21.13,21.91,22.66
2026-09-14,V-005,R-09,28.97,30.04,31.07
2026-09-14,V-005,R-10,32.89,34.11,35.28
2026-09-15,V-001,R-01,19.22,19.92,20.62
2026-09-15,V-001,R-02,18.84,19.52,20.2
2026-09-15,V-001,R-03,19.03,19.72,20.41
2026-09-15,V-001,R-04,19.41,20.12,20.82
2026-09-15,V-001,R-05,19.41,20.12,20.82
2026-09-15,V-001,R-06,19.03,19.72,20.41
2026-09-15,V-001,R-07,19.22,19.92,20.62
2026-09-15,V-001,R-08,18.64,19.32,20.0
2026-09-15,V-001,R-09,25.56,26.49,27.42
2026-09-15,V-001,R-10,29.02,30.08,31.13
2026-09-15,V-002,R-01,21.36,22.13,22.91
2026-09-15,V-002,R-02,20.93,21.69,22.45
2026-09-15,V-002,R-03,21.14,21.91,22.68
2026-09-15,V-002,R-04,21.57,22.36,23.14
2026-09-15,V-002,R-05,21.57,22.36,23.14
2026-09-15,V-002,R-06,21.14,21.91,22.68
2026-09-15,V-002,R-07,21.36,22.13,22.91
2026-09-15,V-002,R-08,20.72,21.47,22.22
2026-09-15,V-002,R-09,28.4,29.44,30.47
2026-09-15,V-002,R-10,32.25,33.42,34.59
2026-09-15,V-003,R-01,21.57,22.36,23.14
2026-09-15,V-003,R-02,21.14,21.91,22.67
2026-09-15,V-003,R-03,21.35,22.13,22.9
2026-09-15,V-003,R-04,21.79,22.58,23.37
2026-09-15,V-003,R-05,21.79,22.58,23.37
2026-09-15,V-003,R-06,21.35,22.13,22.9
2026-09-15,V-003,R-07,21.57,22.36,23.14
2026-09-15,V-003,R-08,20.92,21.68,22.44
2026-09-15,V-003,R-09,28.69,29.73,30.77
2026-09-15,V-003,R-10,32.57,33.76,34.93
2026-09-15,V-004,R-01,21.57,22.36,23.14
2026-09-15,V-004,R-02,21.14,21.91,22.67
2026-09-15,V-004,R-03,21.35,22.13,22.9
2026-09-15,V-004,R-04,21.79,22.58,23.37
2026-09-15,V-004,R-05,21.79,22.58,23.37
2026-09-15,V-004,R-06,21.35,22.13,22.9
2026-09-15,V-004,R-07,21.57,22.36,23.14
2026-09-15,V-004,R-08,20.92,21.68,22.44
2026-09-15,V-004,R-09,28.69,29.73,30.77
2026-09-15,V-004,R-10,32.57,33.76,34.93
2026-09-15,V-005,R-01,21.78,22.58,23.36
2026-09-15,V-005,R-02,21.35,22.12,22.9
2026-09-15,V-005,R-03,21.57,22.35,23.13
2026-09-15,V-005,R-04,22.0,22.8,23.6
2026-09-15,V-005,R-05,22.0,22.8,23.6
2026-09-15,V-005,R-06,21.57,22.35,23.13
2026-09-15,V-005,R-07,21.78,22.58,23.36
2026-09-15,V-005,R-08,21.13,21.9,22.66
2026-09-15,V-005,R-09,28.97,30.03,31.07
2026-09-15,V-005,R-10,32.89,34.09,35.28
2026-09-16,V-001,R-01,19.22,19.95,20.62
2026-09-16,V-001,R-02,18.84,19.55,20.2
2026-09-16,V-001,R-03,19.03,19.75,20.41
2026-09-16,V-001,R-04,19.41,20.15,20.82
2026-09-16,V-001,R-05,19.41,20.15,20.82
2026-09-16,V-001,R-06,19.03,19.75,20.41
2026-09-16,V-001,R-07,19.22,19.95,20.62
2026-09-16,V-001,R-08,18.64,19.35,20.0
2026-09-16,V-001,R-09,25.56,26.54,27.42
2026-09-16,V-001,R-10,29.02,30.13,31.13
2026-09-16,V-002,R-01,21.36,22.17,22.91
2026-09-16,V-002,R-02,20.93,21.72,22.45
2026-09-16,V-002,R-03,21.14,21.95,22.68
2026-09-16,V-002,R-04,21.57,22.39,23.14
2026-09-16,V-002,R-05,21.57,22.39,23.14
2026-09-16,V-002,R-06,21.14,21.95,22.68
2026-09-16,V-002,R-07,21.36,22.17,22.91
2026-09-16,V-002,R-08,20.72,21.5,22.22
2026-09-16,V-002,R-09,28.4,29.48,30.47
2026-09-16,V-002,R-10,32.25,33.47,34.59
2026-09-16,V-003,R-01,21.57,22.39,23.14
2026-09-16,V-003,R-02,21.14,21.94,22.67
2026-09-16,V-003,R-03,21.35,22.17,22.9
2026-09-16,V-003,R-04,21.79,22.61,23.37
2026-09-16,V-003,R-05,21.79,22.61,23.37
2026-09-16,V-003,R-06,21.35,22.17,22.9
2026-09-16,V-003,R-07,21.57,22.39,23.14
2026-09-16,V-003,R-08,20.92,21.72,22.44
2026-09-16,V-003,R-09,28.69,29.78,30.77
2026-09-16,V-003,R-10,32.57,33.81,34.93
2026-09-16,V-004,R-01,21.57,22.39,23.14
2026-09-16,V-004,R-02,21.14,21.94,22.67
2026-09-16,V-004,R-03,21.35,22.17,22.9
2026-09-16,V-004,R-04,21.79,22.61,23.37
2026-09-16,V-004,R-05,21.79,22.61,23.37
2026-09-16,V-004,R-06,21.35,22.17,22.9
2026-09-16,V-004,R-07,21.57,22.39,23.14
2026-09-16,V-004,R-08,20.92,21.72,22.44
2026-09-16,V-004,R-09,28.69,29.78,30.77
2026-09-16,V-004,R-10,32.57,33.81,34.93
2026-09-16,V-005,R-01,21.78,22.61,23.36
2026-09-16,V-005,R-02,21.35,22.16,22.9
2026-09-16,V-005,R-03,21.57,22.39,23.13
2026-09-16,V-005,R-04,22.0,22.84,23.6
2026-09-16,V-005,R-05,22.0,22.84,23.6
2026-09-16,V-005,R-06,21.57,22.39,23.13
2026-09-16,V-005,R-07,21.78,22.61,23.36
2026-09-16,V-005,R-08,21.13,21.93,22.66
2026-09-16,V-005,R-09,28.97,30.07,31.07
2026-09-16,V-005,R-10,32.89,34.14,35.28
2026-09-17,V-001,R-01,19.22,19.96,20.62
2026-09-17,V-001,R-02,18.84,19.56,20.2
2026-09-17,V-001,R-03,19.03,19.76,20.41
2026-09-17,V-001,R-04,19.41,20.16,20.82
2026-09-17,V-001,R-05,19.41,20.16,20.82
2026-09-17,V-001,R-06,19.03,19.76,20.41
2026-09-17,V-001,R-07,19.22,19.96,20.62
2026-09-17,V-001,R-08,18.64,19.36,20.0
2026-09-17,V-001,R-09,25.56,26.55,27.42
2026-09-17,V-001,R-10,29.02,30.14,31.13
2026-09-17,V-002,R-01,21.36,22.18,22.91
2026-09-17,V-002,R-02,20.93,21.73,22.45
2026-09-17,V-002,R-03,21.14,21.96,22.68
2026-09-17,V-002,R-04,21.57,22.4,23.14
2026-09-17,V-002,R-05,21.57,22.4,23.14
2026-09-17,V-002,R-06,21.14,21.96,22.68
2026-09-17,V-002,R-07,21.36,22.18,22.91
2026-09-17,V-002,R-08,20.72,21.51,22.22
2026-09-17,V-002,R-09,28.4,29.5,30.47
2026-09-17,V-002,R-10,32.25,33.49,34.59
2026-09-17,V-003,R-01,21.57,22.4,23.14
2026-09-17,V-003,R-02,21.14,21.95,22.67
2026-09-17,V-003,R-03,21.35,22.18,22.9
2026-09-17,V-003,R-04,21.79,22.62,23.37
2026-09-17,V-003,R-05,21.79,22.62,23.37
2026-09-17,V-003,R-06,21.35,22.18,22.9
2026-09-17,V-003,R-07,21.57,22.4,23.14
2026-09-17,V-003,R-08,20.92,21.73,22.44
2026-09-17,V-003,R-09,28.69,29.79,30.77
2026-09-17,V-003,R-10,32.57,33.82,34.93
2026-09-17,V-004,R-01,21.57,22.4,23.14
2026-09-17,V-004,R-02,21.14,21.95,22.67
2026-09-17,V-004,R-03,21.35,22.18,22.9
2026-09-17,V-004,R-04,21.79,22.62,23.37
2026-09-17,V-004,R-05,21.79,22.62,23.37
2026-09-17,V-004,R-06,21.35,22.18,22.9
2026-09-17,V-004,R-07,21.57,22.4,23.14
2026-09-17,V-004,R-08,20.92,21.73,22.44
2026-09-17,V-004,R-09,28.69,29.79,30.77
2026-09-17,V-004,R-10,32.57,33.82,34.93
2026-09-17,V-005,R-01,21.78,22.62,23.36
2026-09-17,V-005,R-02,21.35,22.17,22.9
2026-09-17,V-005,R-03,21.57,22.4,23.13
2026-09-17,V-005,R-04,22.0,22.85,23.6
2026-09-17,V-005,R-05,22.0,22.85,23.6
2026-09-17,V-005,R-06,21.57,22.4,23.13
2026-09-17,V-005,R-07,21.78,22.62,23.36
2026-09-17,V-005,R-08,21.13,21.94,22.66
2026-09-17,V-005,R-09,28.97,30.09,31.07
2026-09-17,V-005,R-10,32.89,34.16,35.28
2026-09-18,V-001,R-01,19.22,19.96,20.62
2026-09-18,V-001,R-02,18.84,19.56,20.2
2026-09-18,V-001,R-03,19.03,19.76,20.41
2026-09-18,V-001,R-04,19.41,20.16,20.82
2026-09-18,V-001,R-05,19.41,20.16,20.82
2026-09-18,V-001,R-06,19.03,19.76,20.41
2026-09-18,V-001,R-07,19.22,19.96,20.62
2026-09-18,V-001,R-08,18.64,19.36,20.0
2026-09-18,V-001,R-09,25.56,26.55,27.42
2026-09-18,V-001,R-10,29.02,30.14,31.13
2026-09-18,V-002,R-01,21.36,22.18,22.91
2026-09-18,V-002,R-02,20.93,21.73,22.45
2026-09-18,V-002,R-03,21.14,21.96,22.68
2026-09-18,V-002,R-04,21.57,22.4,23.14
2026-09-18,V-002,R-05,21.57,22.4,23.14
2026-09-18,V-002,R-06,21.14,21.96,22.68
2026-09-18,V-002,R-07,21.36,22.18,22.91
2026-09-18,V-002,R-08,20.72,21.51,22.22
2026-09-18,V-002,R-09,28.4,29.5,30.47
2026-09-18,V-002,R-10,32.25,33.49,34.59
2026-09-18,V-003,R-01,21.57,22.4,23.14
2026-09-18,V-003,R-02,21.14,21.95,22.67
2026-09-18,V-003,R-03,21.35,22.18,22.9
2026-09-18,V-003,R-04,21.79,22.62,23.37
2026-09-18,V-003,R-05,21.79,22.62,23.37
2026-09-18,V-003,R-06,21.35,22.18,22.9
2026-09-18,V-003,R-07,21.57,22.4,23.14
2026-09-18,V-003,R-08,20.92,21.73,22.44
2026-09-18,V-003,R-09,28.69,29.79,30.77
2026-09-18,V-003,R-10,32.57,33.82,34.93
2026-09-18,V-004,R-01,21.57,22.4,23.14
2026-09-18,V-004,R-02,21.14,21.95,22.67
2026-09-18,V-004,R-03,21.35,22.18,22.9
2026-09-18,V-004,R-04,21.79,22.62,23.37
2026-09-18,V-004,R-05,21.79,22.62,23.37
2026-09-18,V-004,R-06,21.35,22.18,22.9
2026-09-18,V-004,R-07,21.57,22.4,23.14
2026-09-18,V-004,R-08,20.92,21.73,22.44
2026-09-18,V-004,R-09,28.69,29.79,30.77
2026-09-18,V-004,R-10,32.57,33.82,34.93
2026-09-18,V-005,R-01,21.78,22.62,23.36
2026-09-18,V-005,R-02,21.35,22.17,22.9
2026-09-18,V-005,R-03,21.57,22.4,23.13
2026-09-18,V-005,R-04,22.0,22.85,23.6
2026-09-18,V-005,R-05,22.0,22.85,23.6
2026-09-18,V-005,R-06,21.57,22.4,23.13
2026-09-18,V-005,R-07,21.78,22.62,23.36
2026-09-18,V-005,R-08,21.13,21.94,22.66
2026-09-18,V-005,R-09,28.97,30.09,31.07
2026-09-18,V-005,R-10,32.89,34.16,35.28
2026-09-19,V-001,R-01,19.22,19.96,20.62
2026-09-19,V-001,R-02,18.84,19.56,20.2
2026-09-19,V-001,R-03,19.03,19.76,20.41
2026-09-19,V-001,R-04,19.41,20.16,20.82
2026-09-19,V-001,R-05,19.41,20.16,20.82
2026-09-19,V-001,R-06,19.03,19.76,20.41
2026-09-19,V-001,R-07,19.22,19.96,20.62
2026-09-19,V-001,R-08,18.64,19.36,20.0
2026-09-19,V-001,R-09,25.56,26.55,27.42
2026-09-19,V-001,R-10,29.02,30.14,31.13
2026-09-19,V-002,R-01,21.36,22.18,22.91
2026-09-19,V-002,R-02,20.93,21.73,22.45
2026-09-19,V-002,R-03,21.14,21.96,22.68
2026-09-19,V-002,R-04,21.57,22.4,23.14
2026-09-19,V-002,R-05,21.57,22.4,23.14
2026-09-19,V-002,R-06,21.14,21.96,22.68
2026-09-19,V-002,R-07,21.36,22.18,22.91
2026-09-19,V-002,R-08,20.72,21.51,22.22
2026-09-19,V-002,R-09,28.4,29.5,30.47
2026-09-19,V-002,R-10,32.25,33.49,34.59
2026-09-19,V-003,R-01,21.57,22.4,23.14
2026-09-19,V-003,R-02,21.14,21.95,22.67
2026-09-19,V-003,R-03,21.35,22.18,22.9
2026-09-19,V-003,R-04,21.79,22.62,23.37
2026-09-19,V-003,R-05,21.79,22.62,23.37
2026-09-19,V-003,R-06,21.35,22.18,22.9
2026-09-19,V-003,R-07,21.57,22.4,23.14
2026-09-19,V-003,R-08,20.92,21.73,22.44
2026-09-19,V-003,R-09,28.69,29.79,30.77
2026-09-19,V-003,R-10,32.57,33.82,34.93
2026-09-19,V-004,R-01,21.57,22.4,23.14
2026-09-19,V-004,R-02,21.14,21.95,22.67
2026-09-19,V-004,R-03,21.35,22.18,22.9
2026-09-19,V-004,R-04,21.79,22.62,23.37
2026-09-19,V-004,R-05,21.79,22.62,23.37
2026-09-19,V-004,R-06,21.35,22.18,22.9
2026-09-19,V-004,R-07,21.57,22.4,23.14
2026-09-19,V-004,R-08,20.92,21.73,22.44
2026-09-19,V-004,R-09,28.69,29.79,30.77
2026-09-19,V-004,R-10,32.57,33.82,34.93
2026-09-19,V-005,R-01,21.78,22.62,23.36
2026-09-19,V-005,R-02,21.35,22.17,22.9
2026-09-19,V-005,R-03,21.57,22.4,23.13
2026-09-19,V-005,R-04,22.0,22.85,23.6
2026-09-19,V-005,R-05,22.0,22.85,23.6
2026-09-19,V-005,R-06,21.57,22.4,23.13
2026-09-19,V-005,R-07,21.78,22.62,23.36
2026-09-19,V-005,R-08,21.13,21.94,22.66
2026-09-19,V-005,R-09,28.97,30.09,31.07
2026-09-19,V-005,R-10,32.89,34.16,35.28
2026-09-20,V-001,R-01,19.22,20.01,20.62
2026-09-20,V-001,R-02,18.84,19.61,20.2
2026-09-20,V-001,R-03,19.03,19.81,20.41
2026-09-20,V-001,R-04,19.41,20.21,20.82
2026-09-20,V-001,R-05,19.41,20.21,20.82
2026-09-20,V-001,R-06,19.03,19.81,20.41
2026-09-20,V-001,R-07,19.22,20.01,20.62
2026-09-20,V-001,R-08,18.64,19.41,20.0
2026-09-20,V-001,R-09,25.56,26.62,27.42
2026-09-20,V-001,R-10,29.02,30.22,31.13
2026-09-20,V-002,R-01,21.36,22.24,22.91
2026-09-20,V-002,R-02,20.93,21.79,22.45
2026-09-20,V-002,R-03,21.14,22.01,22.68
2026-09-20,V-002,R-04,21.57,22.46,23.14
2026-09-20,V-002,R-05,21.57,22.46,23.14
2026-09-20,V-002,R-06,21.14,22.01,22.68
2026-09-20,V-002,R-07,21.36,22.24,22.91
2026-09-20,V-002,R-08,20.72,21.57,22.22
2026-09-20,V-002,R-09,28.4,29.57,30.47
2026-09-20,V-002,R-10,32.25,33.58,34.59
2026-09-20,V-003,R-01,21.57,22.46,23.14
2026-09-20,V-003,R-02,21.14,22.01,22.67
2026-09-20,V-003,R-03,21.35,22.23,22.9
2026-09-20,V-003,R-04,21.79,22.68,23.37
2026-09-20,V-003,R-05,21.79,22.68,23.37
2026-09-20,V-003,R-06,21.35,22.23,22.9
2026-09-20,V-003,R-07,21.57,22.46,23.14
2026-09-20,V-003,R-08,20.92,21.78,22.44
2026-09-20,V-003,R-09,28.69,29.87,30.77
2026-09-20,V-003,R-10,32.57,33.91,34.93
2026-09-20,V-004,R-01,21.57,22.46,23.14
2026-09-20,V-004,R-02,21.14,22.01,22.67
2026-09-20,V-004,R-03,21.35,22.23,22.9
2026-09-20,V-004,R-04,21.79,22.68,23.37
2026-09-20,V-004,R-05,21.79,22.68,23.37
2026-09-20,V-004,R-06,21.35,22.23,22.9
2026-09-20,V-004,R-07,21.57,22.46,23.14
2026-09-20,V-004,R-08,20.92,21.78,22.44
2026-09-20,V-004,R-09,28.69,29.87,30.77
2026-09-20,V-004,R-10,32.57,33.91,34.93
2026-09-20,V-005,R-01,21.78,22.68,23.36
2026-09-20,V-005,R-02,21.35,22.23,22.9
2026-09-20,V-005,R-03,21.57,22.45,23.13
2026-09-20,V-005,R-04,22.0,22.91,23.6
2026-09-20,V-005,R-05,22.0,22.91,23.6
2026-09-20,V-005,R-06,21.57,22.45,23.13
2026-09-20,V-005,R-07,21.78,22.68,23.36
2026-09-20,V-005,R-08,21.13,22.0,22.66
2026-09-20,V-005,R-09,28.97,30.16,31.07
2026-09-20,V-005,R-10,32.89,34.25,35.28
2026-09-21,V-001,R-01,19.22,20.01,20.62
2026-09-21,V-001,R-02,18.84,19.61,20.2
2026-09-21,V-001,R-03,19.03,19.81,20.41
2026-09-21,V-001,R-04,19.41,20.21,20.82
2026-09-21,V-001,R-05,19.41,20.21,20.82
2026-09-21,V-001,R-06,19.03,19.81,20.41
2026-09-21,V-001,R-07,19.22,20.01,20.62
2026-09-21,V-001,R-08,18.64,19.41,20.0
2026-09-21,V-001,R-09,25.56,26.62,27.42
2026-09-21,V-001,R-10,29.02,30.22,31.13
2026-09-21,V-002,R-01,21.36,22.24,22.91
2026-09-21,V-002,R-02,20.93,21.79,22.45
2026-09-21,V-002,R-03,21.14,22.01,22.68
2026-09-21,V-002,R-04,21.57,22.46,23.14
2026-09-21,V-002,R-05,21.57,22.46,23.14
2026-09-21,V-002,R-06,21.14,22.01,22.68
2026-09-21,V-002,R-07,21.36,22.24,22.91
2026-09-21,V-002,R-08,20.72,21.57,22.22
2026-09-21,V-002,R-09,28.4,29.57,30.47
2026-09-21,V-002,R-10,32.25,33.58,34.59
2026-09-21,V-003,R-01,21.57,22.46,23.14
2026-09-21,V-003,R-02,21.14,22.01,22.67
2026-09-21,V-003,R-03,21.35,22.23,22.9
2026-09-21,V-003,R-04,21.79,22.68,23.37
2026-09-21,V-003,R-05,21.79,22.68,23.37
2026-09-21,V-003,R-06,21.35,22.23,22.9
2026-09-21,V-003,R-07,21.57,22.46,23.14
2026-09-21,V-003,R-08,20.92,21.78,22.44
2026-09-21,V-003,R-09,28.69,29.87,30.77
2026-09-21,V-003,R-10,32.57,33.91,34.93
2026-09-21,V-004,R-01,21.57,22.46,23.14
2026-09-21,V-004,R-02,21.14,22.01,22.67
2026-09-21,V-004,R-03,21.35,22.23,22.9
2026-09-21,V-004,R-04,21.79,22.68,23.37
2026-09-21,V-004,R-05,21.79,22.68,23.37
2026-09-21,V-004,R-06,21.35,22.23,22.9
2026-09-21,V-004,R-07,21.57,22.46,23.14
2026-09-21,V-004,R-08,20.92,21.78,22.44
2026-09-21,V-004,R-09,28.69,29.87,30.77
2026-09-21,V-004,R-10,32.57,33.91,34.93
2026-09-21,V-005,R-01,21.78,22.68,23.36
2026-09-21,V-005,R-02,21.35,22.23,22.9
2026-09-21,V-005,R-03,21.57,22.45,23.13
2026-09-21,V-005,R-04,22.0,22.91,23.6
2026-09-21,V-005,R-05,22.0,22.91,23.6
2026-09-21,V-005,R-06,21.57,22.45,23.13
2026-09-21,V-005,R-07,21.78,22.68,23.36
2026-09-21,V-005,R-08,21.13,22.0,22.66
2026-09-21,V-005,R-09,28.97,30.16,31.07
2026-09-21,V-005,R-10,32.89,34.25,35.28
2026-09-22,V-001,R-01,19.22,20.0,20.62
2026-09-22,V-001,R-02,18.84,19.6,20.2
2026-09-22,V-001,R-03,19.03,19.8,20.41
2026-09-22,V-001,R-04,19.41,20.2,20.82
2026-09-22,V-001,R-05,19.41,20.2,20.82
2026-09-22,V-001,R-06,19.03,19.8,20.41
2026-09-22,V-001,R-07,19.22,20.0,20.62
2026-09-22,V-001,R-08,18.64,19.4,20.0
2026-09-22,V-001,R-09,25.56,26.6,27.42
2026-09-22,V-001,R-10,29.02,30.2,31.13
2026-09-22,V-002,R-01,21.36,22.22,22.91
2026-09-22,V-002,R-02,20.93,21.78,22.45
2026-09-22,V-002,R-03,21.14,22.0,22.68
2026-09-22,V-002,R-04,21.57,22.45,23.14
2026-09-22,V-002,R-05,21.57,22.45,23.14
2026-09-22,V-002,R-06,21.14,22.0,22.68
2026-09-22,V-002,R-07,21.36,22.22,22.91
2026-09-22,V-002,R-08,20.72,21.56,22.22
2026-09-22,V-002,R-09,28.4,29.56,30.47
2026-09-22,V-002,R-10,32.25,33.56,34.59
2026-09-22,V-003,R-01,21.57,22.45,23.14
2026-09-22,V-003,R-02,21.14,22.0,22.67
2026-09-22,V-003,R-03,21.35,22.22,22.9
2026-09-22,V-003,R-04,21.79,22.67,23.37
2026-09-22,V-003,R-05,21.79,22.67,23.37
2026-09-22,V-003,R-06,21.35,22.22,22.9
2026-09-22,V-003,R-07,21.57,22.45,23.14
2026-09-22,V-003,R-08,20.92,21.77,22.44
2026-09-22,V-003,R-09,28.69,29.85,30.77
2026-09-22,V-003,R-10,32.57,33.89,34.93
2026-09-22,V-004,R-01,21.57,22.45,23.14
2026-09-22,V-004,R-02,21.14,22.0,22.67
2026-09-22,V-004,R-03,21.35,22.22,22.9
2026-09-22,V-004,R-04,21.79,22.67,23.37
2026-09-22,V-004,R-05,21.79,22.67,23.37
2026-09-22,V-004,R-06,21.35,22.22,22.9
2026-09-22,V-004,R-07,21.57,22.45,23.14
2026-09-22,V-004,R-08,20.92,21.77,22.44
2026-09-22,V-004,R-09,28.69,29.85,30.77
2026-09-22,V-004,R-10,32.57,33.89,34.93
2026-09-22,V-005,R-01,21.78,22.67,23.36
2026-09-22,V-005,R-02,21.35,22.21,22.9
2026-09-22,V-005,R-03,21.57,22.44,23.13
2026-09-22,V-005,R-04,22.0,22.89,23.6
2026-09-22,V-005,R-05,22.0,22.89,23.6
2026-09-22,V-005,R-06,21.57,22.44,23.13
2026-09-22,V-005,R-07,21.78,22.67,23.36
2026-09-22,V-005,R-08,21.13,21.99,22.66
2026-09-22,V-005,R-09,28.97,30.15,31.07
2026-09-22,V-005,R-10,32.89,34.23,35.28
2026-09-23,V-001,R-01,19.23,20.0,20.62
2026-09-23,V-001,R-02,18.85,19.6,20.2
2026-09-23,V-001,R-03,19.04,19.8,20.41
2026-09-23,V-001,R-04,19.42,20.2,20.82
2026-09-23,V-001,R-05,19.42,20.2,20.82
2026-09-23,V-001,R-06,19.04,19.8,20.41
2026-09-23,V-001,R-07,19.23,20.0,20.62
2026-09-23,V-001,R-08,18.65,19.4,20.0
2026-09-23,V-001,R-09,25.58,26.6,27.42
2026-09-23,V-001,R-10,29.04,30.2,31.13
2026-09-23,V-002,R-01,21.37,22.22,22.91
2026-09-23,V-002,R-02,20.94,21.78,22.45
2026-09-23,V-002,R-03,21.15,22.0,22.68
2026-09-23,V-002,R-04,21.58,22.45,23.14
2026-09-23,V-002,R-05,21.58,22.45,23.14
2026-09-23,V-002,R-06,21.15,22.0,22.68
2026-09-23,V-002,R-07,21.37,22.22,22.91
2026-09-23,V-002,R-08,20.73,21.56,22.22
2026-09-23,V-002,R-09,28.42,29.56,30.47
2026-09-23,V-002,R-10,32.26,33.56,34.59
2026-09-23,V-003,R-01,21.58,22.45,23.14
2026-09-23,V-003,R-02,21.15,22.0,22.67
2026-09-23,V-003,R-03,21.37,22.22,22.9
2026-09-23,V-003,R-04,21.8,22.67,23.37
2026-09-23,V-003,R-05,21.8,22.67,23.37
2026-09-23,V-003,R-06,21.37,22.22,22.9
2026-09-23,V-003,R-07,21.58,22.45,23.14
2026-09-23,V-003,R-08,20.93,21.77,22.44
2026-09-23,V-003,R-09,28.7,29.85,30.77
2026-09-23,V-003,R-10,32.59,33.89,34.93
2026-09-23,V-004,R-01,21.58,22.45,23.14
2026-09-23,V-004,R-02,21.15,22.0,22.67
2026-09-23,V-004,R-03,21.37,22.22,22.9
2026-09-23,V-004,R-04,21.8,22.67,23.37
2026-09-23,V-004,R-05,21.8,22.67,23.37
2026-09-23,V-004,R-06,21.37,22.22,22.9
2026-09-23,V-004,R-07,21.58,22.45,23.14
2026-09-23,V-004,R-08,20.93,21.77,22.44
2026-09-23,V-004,R-09,28.7,29.85,30.77
2026-09-23,V-004,R-10,32.59,33.89,34.93
2026-09-23,V-005,R-01,21.79,22.67,23.36
2026-09-23,V-005,R-02,21.36,22.21,22.9
2026-09-23,V-005,R-03,21.58,22.44,23.13
2026-09-23,V-005,R-04,22.01,22.89,23.6
2026-09-23,V-005,R-05,22.01,22.89,23.6
2026-09-23,V-005,R-06,21.58,22.44,23.13
2026-09-23,V-005,R-07,21.79,22.67,23.36
2026-09-23,V-005,R-08,21.14,21.99,22.66
2026-09-23,V-005,R-09,28.99,30.15,31.07
2026-09-23,V-005,R-10,32.91,34.23,35.28
2026-09-24,V-001,R-01,19.36,20.0,20.62
2026-09-24,V-001,R-02,18.97,19.6,20.2
2026-09-24,V-001,R-03,19.16,19.8,20.41
2026-09-24,V-001,R-04,19.55,20.2,20.82
2026-09-24,V-001,R-05,19.55,20.2,20.82
2026-09-24,V-001,R-06,19.16,19.8,20.41
2026-09-24,V-001,R-07,19.36,20.0,20.62
2026-09-24,V-001,R-08,18.78,19.4,20.0
2026-09-24,V-001,R-09,25.74,26.6,27.42
2026-09-24,V-001,R-10,29.23,30.2,31.13
2026-09-24,V-002,R-01,21.51,22.22,22.91
2026-09-24,V-002,R-02,21.08,21.78,22.45
2026-09-24,V-002,R-03,21.29,22.0,22.68
2026-09-24,V-002,R-04,21.72,22.45,23.14
2026-09-24,V-002,R-05,21.72,22.45,23.14
2026-09-24,V-002,R-06,21.29,22.0,22.68
2026-09-24,V-002,R-07,21.51,22.22,22.91
2026-09-24,V-002,R-08,20.86,21.56,22.22
2026-09-24,V-002,R-09,28.6,29.56,30.47
2026-09-24,V-002,R-10,32.47,33.56,34.59
2026-09-24,V-003,R-01,21.72,22.45,23.14
2026-09-24,V-003,R-02,21.29,22.0,22.67
2026-09-24,V-003,R-03,21.5,22.22,22.9
2026-09-24,V-003,R-04,21.94,22.67,23.37
2026-09-24,V-003,R-05,21.94,22.67,23.37
2026-09-24,V-003,R-06,21.5,22.22,22.9
2026-09-24,V-003,R-07,21.72,22.45,23.14
2026-09-24,V-003,R-08,21.07,21.77,22.44
2026-09-24,V-003,R-09,28.89,29.85,30.77
2026-09-24,V-003,R-10,32.8,33.89,34.93
2026-09-24,V-004,R-01,21.72,22.45,23.14
2026-09-24,V-004,R-02,21.29,22.0,22.67
2026-09-24,V-004,R-03,21.5,22.22,22.9
2026-09-24,V-004,R-04,21.94,22.67,23.37
2026-09-24,V-004,R-05,21.94,22.67,23.37
2026-09-24,V-004,R-06,21.5,22.22,22.9
2026-09-24,V-004,R-07,21.72,22.45,23.14
2026-09-24,V-004,R-08,21.07,21.77,22.44
2026-09-24,V-004,R-09,28.89,29.85,30.77
2026-09-24,V-004,R-10,32.8,33.89,34.93
2026-09-24,V-005,R-01,21.94,22.67,23.36
2026-09-24,V-005,R-02,21.5,22.21,22.9
2026-09-24,V-005,R-03,21.72,22.44,23.13
2026-09-24,V-005,R-04,22.16,22.89,23.6
2026-09-24,V-005,R-05,22.16,22.89,23.6
2026-09-24,V-005,R-06,21.72,22.44,23.13
2026-09-24,V-005,R-07,21.94,22.67,23.36
2026-09-24,V-005,R-08,21.28,21.99,22.66
2026-09-24,V-005,R-09,29.18,30.15,31.07
2026-09-24,V-005,R-10,33.12,34.23,35.28
2026-09-25,V-001,R-01,19.36,20.0,20.62
2026-09-25,V-001,R-02,18.97,19.6,20.2
2026-09-25,V-001,R-03,19.16,19.8,20.41
2026-09-25,V-001,R-04,19.55,20.2,20.82
2026-09-25,V-001,R-05,19.55,20.2,20.82
2026-09-25,V-001,R-06,19.16,19.8,20.41
2026-09-25,V-001,R-07,19.36,20.0,20.62
2026-09-25,V-001,R-08,18.78,19.4,20.0
2026-09-25,V-001,R-09,25.74,26.6,27.42
2026-09-25,V-001,R-10,29.23,30.2,31.13
2026-09-25,V-002,R-01,21.51,22.22,22.91
2026-09-25,V-002,R-02,21.08,21.78,22.45
2026-09-25,V-002,R-03,21.29,22.0,22.68
2026-09-25,V-002,R-04,21.72,22.45,23.14
2026-09-25,V-002,R-05,21.72,22.45,23.14
2026-09-25,V-002,R-06,21.29,22.0,22.68
2026-09-25,V-002,R-07,21.51,22.22,22.91
2026-09-25,V-002,R-08,20.86,21.56,22.22
2026-09-25,V-002,R-09,28.6,29.56,30.47
2026-09-25,V-002,R-10,32.47,33.56,34.59
2026-09-25,V-003,R-01,21.72,22.45,23.14
2026-09-25,V-003,R-02,21.29,22.0,22.67
2026-09-25,V-003,R-03,21.5,22.22,22.9
2026-09-25,V-003,R-04,21.94,22.67,23.37
2026-09-25,V-003,R-05,21.94,22.67,23.37
2026-09-25,V-003,R-06,21.5,22.22,22.9
2026-09-25,V-003,R-07,21.72,22.45,23.14
2026-09-25,V-003,R-08,21.07,21.77,22.44
2026-09-25,V-003,R-09,28.89,29.85,30.77
2026-09-25,V-003,R-10,32.8,33.89,34.93
2026-09-25,V-004,R-01,21.72,22.45,23.14
2026-09-25,V-004,R-02,21.29,22.0,22.67
2026-09-25,V-004,R-03,21.5,22.22,22.9
2026-09-25,V-004,R-04,21.94,22.67,23.37
2026-09-25,V-004,R-05,21.94,22.67,23.37
2026-09-25,V-004,R-06,21.5,22.22,22.9
2026-09-25,V-004,R-07,21.72,22.45,23.14
2026-09-25,V-004,R-08,21.07,21.77,22.44
2026-09-25,V-004,R-09,28.89,29.85,30.77
2026-09-25,V-004,R-10,32.8,33.89,34.93
2026-09-25,V-005,R-01,21.94,22.67,23.36
2026-09-25,V-005,R-02,21.5,22.21,22.9
2026-09-25,V-005,R-03,21.72,22.44,23.13
2026-09-25,V-005,R-04,22.16,22.89,23.6
2026-09-25,V-005,R-05,22.16,22.89,23.6
2026-09-25,V-005,R-06,21.72,22.44,23.13
2026-09-25,V-005,R-07,21.94,22.67,23.36
2026-09-25,V-005,R-08,21.28,21.99,22.66
2026-09-25,V-005,R-09,29.18,30.15,31.07
2026-09-25,V-005,R-10,33.12,34.23,35.28
2026-09-26,V-001,R-01,19.36,20.0,20.62
2026-09-26,V-001,R-02,18.97,19.6,20.2
2026-09-26,V-001,R-03,19.16,19.8,20.41
2026-09-26,V-001,R-04,19.55,20.2,20.82
2026-09-26,V-001,R-05,19.55,20.2,20.82
2026-09-26,V-001,R-06,19.16,19.8,20.41
2026-09-26,V-001,R-07,19.36,20.0,20.62
2026-09-26,V-001,R-08,18.78,19.4,20.0
2026-09-26,V-001,R-09,25.74,26.6,27.42
2026-09-26,V-001,R-10,29.23,30.2,31.13
2026-09-26,V-002,R-01,21.51,22.22,22.91
2026-09-26,V-002,R-02,21.08,21.78,22.45
2026-09-26,V-002,R-03,21.29,22.0,22.68
2026-09-26,V-002,R-04,21.72,22.45,23.14
2026-09-26,V-002,R-05,21.72,22.45,23.14
2026-09-26,V-002,R-06,21.29,22.0,22.68
2026-09-26,V-002,R-07,21.51,22.22,22.91
2026-09-26,V-002,R-08,20.86,21.56,22.22
2026-09-26,V-002,R-09,28.6,29.56,30.47
2026-09-26,V-002,R-10,32.47,33.56,34.59
2026-09-26,V-003,R-01,21.72,22.45,23.14
2026-09-26,V-003,R-02,21.29,22.0,22.67
2026-09-26,V-003,R-03,21.5,22.22,22.9
2026-09-26,V-003,R-04,21.94,22.67,23.37
2026-09-26,V-003,R-05,21.94,22.67,23.37
2026-09-26,V-003,R-06,21.5,22.22,22.9
2026-09-26,V-003,R-07,21.72,22.45,23.14
2026-09-26,V-003,R-08,21.07,21.77,22.44
2026-09-26,V-003,R-09,28.89,29.85,30.77
2026-09-26,V-003,R-10,32.8,33.89,34.93
2026-09-26,V-004,R-01,21.72,22.45,23.14
2026-09-26,V-004,R-02,21.29,22.0,22.67
2026-09-26,V-004,R-03,21.5,22.22,22.9
2026-09-26,V-004,R-04,21.94,22.67,23.37
2026-09-26,V-004,R-05,21.94,22.67,23.37
2026-09-26,V-004,R-06,21.5,22.22,22.9
2026-09-26,V-004,R-07,21.72,22.45,23.14
2026-09-26,V-004,R-08,21.07,21.77,22.44
2026-09-26,V-004,R-09,28.89,29.85,30.77
2026-09-26,V-004,R-10,32.8,33.89,34.93
2026-09-26,V-005,R-01,21.94,22.67,23.36
2026-09-26,V-005,R-02,21.5,22.21,22.9
2026-09-26,V-005,R-03,21.72,22.44,23.13
2026-09-26,V-005,R-04,22.16,22.89,23.6
2026-09-26,V-005,R-05,22.16,22.89,23.6
2026-09-26,V-005,R-06,21.72,22.44,23.13
2026-09-26,V-005,R-07,21.94,22.67,23.36
2026-09-26,V-005,R-08,21.28,21.99,22.66
2026-09-26,V-005,R-09,29.18,30.15,31.07
2026-09-26,V-005,R-10,33.12,34.23,35.28
2026-09-27,V-001,R-01,19.36,20.0,20.62
2026-09-27,V-001,R-02,18.97,19.6,20.2
2026-09-27,V-001,R-03,19.16,19.8,20.41
2026-09-27,V-001,R-04,19.55,20.2,20.82
2026-09-27,V-001,R-05,19.55,20.2,20.82
2026-09-27,V-001,R-06,19.16,19.8,20.41
2026-09-27,V-001,R-07,19.36,20.0,20.62
2026-09-27,V-001,R-08,18.78,19.4,20.0
2026-09-27,V-001,R-09,25.74,26.6,27.42
2026-09-27,V-001,R-10,29.23,30.2,31.13
2026-09-27,V-002,R-01,21.51,22.22,22.91
2026-09-27,V-002,R-02,21.08,21.78,22.45
2026-09-27,V-002,R-03,21.29,22.0,22.68
2026-09-27,V-002,R-04,21.72,22.45,23.14
2026-09-27,V-002,R-05,21.72,22.45,23.14
2026-09-27,V-002,R-06,21.29,22.0,22.68
2026-09-27,V-002,R-07,21.51,22.22,22.91
2026-09-27,V-002,R-08,20.86,21.56,22.22
2026-09-27,V-002,R-09,28.6,29.56,30.47
2026-09-27,V-002,R-10,32.47,33.56,34.59
2026-09-27,V-003,R-01,21.72,22.45,23.14
2026-09-27,V-003,R-02,21.29,22.0,22.67
2026-09-27,V-003,R-03,21.5,22.22,22.9
2026-09-27,V-003,R-04,21.94,22.67,23.37
2026-09-27,V-003,R-05,21.94,22.67,23.37
2026-09-27,V-003,R-06,21.5,22.22,22.9
2026-09-27,V-003,R-07,21.72,22.45,23.14
2026-09-27,V-003,R-08,21.07,21.77,22.44
2026-09-27,V-003,R-09,28.89,29.85,30.77
2026-09-27,V-003,R-10,32.8,33.89,34.93
2026-09-27,V-004,R-01,21.72,22.45,23.14
2026-09-27,V-004,R-02,21.29,22.0,22.67
2026-09-27,V-004,R-03,21.5,22.22,22.9
2026-09-27,V-004,R-04,21.94,22.67,23.37
2026-09-27,V-004,R-05,21.94,22.67,23.37
2026-09-27,V-004,R-06,21.5,22.22,22.9
2026-09-27,V-004,R-07,21.72,22.45,23.14
2026-09-27,V-004,R-08,21.07,21.77,22.44
2026-09-27,V-004,R-09,28.89,29.85,30.77
2026-09-27,V-004,R-10,32.8,33.89,34.93
2026-09-27,V-005,R-01,21.94,22.67,23.36
2026-09-27,V-005,R-02,21.5,22.21,22.9
2026-09-27,V-005,R-03,21.72,22.44,23.13
2026-09-27,V-005,R-04,22.16,22.89,23.6
2026-09-27,V-005,R-05,22.16,22.89,23.6
2026-09-27,V-005,R-06,21.72,22.44,23.13
2026-09-27,V-005,R-07,21.94,22.67,23.36
2026-09-27,V-005,R-08,21.28,21.99,22.66
2026-09-27,V-005,R-09,29.18,30.15,31.07
2026-09-27,V-005,R-10,33.12,34.23,35.28
2026-09-28,V-001,R-01,19.25,19.95,20.62
2026-09-28,V-001,R-02,18.87,19.55,20.2
2026-09-28,V-001,R-03,19.06,19.75,20.41
2026-09-28,V-001,R-04,19.44,20.15,20.82
2026-09-28,V-001,R-05,19.44,20.15,20.82
2026-09-28,V-001,R-06,19.06,19.75,20.41
2026-09-28,V-001,R-07,19.25,19.95,20.62
2026-09-28,V-001,R-08,18.67,19.35,20.0
2026-09-28,V-001,R-09,25.6,26.53,27.42
2026-09-28,V-001,R-10,29.07,30.12,31.13
2026-09-28,V-002,R-01,21.39,22.16,22.91
2026-09-28,V-002,R-02,20.96,21.72,22.45
2026-09-28,V-002,R-03,21.18,21.94,22.68
2026-09-28,V-002,R-04,21.6,22.39,23.14
2026-09-28,V-002,R-05,21.6,22.39,23.14
2026-09-28,V-002,R-06,21.18,21.94,22.68
2026-09-28,V-002,R-07,21.39,22.16,22.91
2026-09-28,V-002,R-08,20.75,21.5,22.22
2026-09-28,V-002,R-09,28.45,29.48,30.47
2026-09-28,V-002,R-10,32.3,33.47,34.59
2026-09-28,V-003,R-01,21.6,22.39,23.14
2026-09-28,V-003,R-02,21.17,21.94,22.67
2026-09-28,V-003,R-03,21.39,22.16,22.9
2026-09-28,V-003,R-04,21.82,22.61,23.37
2026-09-28,V-003,R-05,21.82,22.61,23.37
2026-09-28,V-003,R-06,21.39,22.16,22.9
2026-09-28,V-003,R-07,21.6,22.39,23.14
2026-09-28,V-003,R-08,20.96,21.71,22.44
2026-09-28,V-003,R-09,28.73,29.77,30.77
2026-09-28,V-003,R-10,32.62,33.8,34.93
2026-09-28,V-004,R-01,21.6,22.39,23.14
2026-09-28,V-004,R-02,21.17,21.94,22.67
2026-09-28,V-004,R-03,21.39,22.16,22.9
2026-09-28,V-004,R-04,21.82,22.61,23.37
2026-09-28,V-004,R-05,21.82,22.61,23.37
2026-09-28,V-004,R-06,21.39,22.16,22.9
2026-09-28,V-004,R-07,21.6,22.39,23.14
2026-09-28,V-004,R-08,20.96,21.71,22.44
2026-09-28,V-004,R-09,28.73,29.77,30.77
2026-09-28,V-004,R-10,32.62,33.8,34.93
2026-09-28,V-005,R-01,21.82,22.61,23.36
2026-09-28,V-005,R-02,21.38,22.15,22.9
2026-09-28,V-005,R-03,21.6,22.38,23.13
2026-09-28,V-005,R-04,22.04,22.83,23.6
2026-09-28,V-005,R-05,22.04,22.83,23.6
2026-09-28,V-005,R-06,21.6,22.38,23.13
2026-09-28,V-005,R-07,21.82,22.61,23.36
2026-09-28,V-005,R-08,21.16,21.93,22.66
2026-09-28,V-005,R-09,29.02,30.07,31.07
2026-09-28,V-005,R-10,32.94,34.14,35.28
2026-09-29,V-001,R-01,19.24,19.99,20.62
2026-09-29,V-001,R-02,18.86,19.59,20.2
2026-09-29,V-001,R-03,19.05,19.79,20.41
2026-09-29,V-001,R-04,19.43,20.19,20.82
2026-09-29,V-001,R-05,19.43,20.19,20.82
2026-09-29,V-001,R-06,19.05,19.79,20.41
2026-09-29,V-001,R-07,19.24,19.99,20.62
2026-09-29,V-001,R-08,18.66,19.39,20.0
2026-09-29,V-001,R-09,25.59,26.59,27.42
2026-09-29,V-001,R-10,29.05,30.19,31.13
2026-09-29,V-002,R-01,21.38,22.21,22.91
2026-09-29,V-002,R-02,20.95,21.77,22.45
2026-09-29,V-002,R-03,21.16,21.99,22.68
2026-09-29,V-002,R-04,21.59,22.43,23.14
2026-09-29,V-002,R-05,21.59,22.43,23.14
2026-09-29,V-002,R-06,21.16,21.99,22.68
2026-09-29,V-002,R-07,21.38,22.21,22.91
2026-09-29,V-002,R-08,20.74,21.55,22.22
2026-09-29,V-002,R-09,28.43,29.54,30.47
2026-09-29,V-002,R-10,32.28,33.54,34.59
2026-09-29,V-003,R-01,21.59,22.43,23.14
2026-09-29,V-003,R-02,21.16,21.98,22.67
2026-09-29,V-003,R-03,21.38,22.21,22.9
2026-09-29,V-003,R-04,21.81,22.66,23.37
2026-09-29,V-003,R-05,21.81,22.66,23.37
2026-09-29,V-003,R-06,21.38,22.21,22.9
2026-09-29,V-003,R-07,21.59,22.43,23.14
2026-09-29,V-003,R-08,20.94,21.76,22.44
2026-09-29,V-003,R-09,28.72,29.84,30.77
2026-09-29,V-003,R-10,32.6,33.87,34.93
2026-09-29,V-004,R-01,21.59,22.43,23.14
2026-09-29,V-004,R-02,21.16,21.98,22.67
2026-09-29,V-004,R-03,21.38,22.21,22.9
2026-09-29,V-004,R-04,21.81,22.66,23.37
2026-09-29,V-004,R-05,21.81,22.66,23.37
2026-09-29,V-004,R-06,21.38,22.21,22.9
2026-09-29,V-004,R-07,21.59,22.43,23.14
2026-09-29,V-004,R-08,20.94,21.76,22.44
2026-09-29,V-004,R-09,28.72,29.84,30.77
2026-09-29,V-004,R-10,32.6,33.87,34.93
2026-09-29,V-005,R-01,21.81,22.66,23.36
2026-09-29,V-005,R-02,21.37,22.2,22.9
2026-09-29,V-005,R-03,21.59,22.43,23.13
2026-09-29,V-005,R-04,22.02,22.88,23.6
2026-09-29,V-005,R-05,22.02,22.88,23.6
2026-09-29,V-005,R-06,21.59,22.43,23.13
2026-09-29,V-005,R-07,21.81,22.66,23.36
2026-09-29,V-005,R-08,21.15,21.98,22.66
2026-09-29,V-005,R-09,29.0,30.13,31.07
2026-09-29,V-005,R-10,32.93,34.21,35.28
2026-09-30,V-001,R-01,19.22,19.98,20.62
2026-09-30,V-001,R-02,18.84,19.58,20.2
2026-09-30,V-001,R-03,19.03,19.78,20.41
2026-09-30,V-001,R-04,19.42,20.18,20.82
2026-09-30,V-001,R-05,19.42,20.18,20.82
2026-09-30,V-001,R-06,19.03,19.78,20.41
2026-09-30,V-001,R-07,19.22,19.98,20.62
2026-09-30,V-001,R-08,18.65,19.38,20.0
2026-09-30,V-001,R-09,25.57,26.58,27.42
2026-09-30,V-001,R-10,29.03,30.18,31.13
2026-09-30,V-002,R-01,21.36,22.2,22.91
2026-09-30,V-002,R-02,20.93,21.76,22.45
2026-09-30,V-002,R-03,21.15,21.98,22.68
2026-09-30,V-002,R-04,21.57,22.43,23.14
2026-09-30,V-002,R-05,21.57,22.43,23.14
2026-09-30,V-002,R-06,21.15,21.98,22.68
2026-09-30,V-002,R-07,21.36,22.2,22.91
2026-09-30,V-002,R-08,20.72,21.54,22.22
2026-09-30,V-002,R-09,28.41,29.53,30.47
2026-09-30,V-002,R-10,32.25,33.53,34.59
2026-09-30,V-003,R-01,21.57,22.43,23.14
2026-09-30,V-003,R-02,21.14,21.98,22.67
2026-09-30,V-003,R-03,21.36,22.2,22.9
2026-09-30,V-003,R-04,21.79,22.65,23.37
2026-09-30,V-003,R-05,21.79,22.65,23.37
2026-09-30,V-003,R-06,21.36,22.2,22.9
2026-09-30,V-003,R-07,21.57,22.43,23.14
2026-09-30,V-003,R-08,20.93,21.75,22.44
2026-09-30,V-003,R-09,28.69,29.83,30.77
2026-09-30,V-003,R-10,32.57,33.86,34.93
2026-09-30,V-004,R-01,21.57,22.43,23.14
2026-09-30,V-004,R-02,21.14,21.98,22.67
2026-09-30,V-004,R-03,21.36,22.2,22.9
2026-09-30,V-004,R-04,21.79,22.65,23.37
2026-09-30,V-004,R-05,21.79,22.65,23.37
2026-09-30,V-004,R-06,21.36,22.2,22.9
2026-09-30,V-004,R-07,21.57,22.43,23.14
2026-09-30,V-004,R-08,20.93,21.75,22.44
2026-09-30,V-004,R-09,28.69,29.83,30.77
2026-09-30,V-004,R-10,32.57,33.86,34.93
2026-09-30,V-005,R-01,21.79,22.65,23.36
2026-09-30,V-005,R-02,21.35,22.2,22.9
2026-09-30,V-005,R-03,21.57,22.42,23.13
2026-09-30,V-005,R-04,22.0,22.88,23.6
2026-09-30,V-005,R-05,22.0,22.88,23.6
2026-09-30,V-005,R-06,21.57,22.42,23.13
2026-09-30,V-005,R-07,21.79,22.65,23.36
2026-09-30,V-005,R-08,21.13,21.97,22.66
2026-09-30,V-005,R-09,28.98,30.12,31.07
2026-09-30,V-005,R-10,32.9,34.2,35.28
2026-10-01,V-001,R-01,19.22,19.98,20.62
2026-10-01,V-001,R-02,18.84,19.58,20.2
2026-10-01,V-001,R-03,19.03,19.78,20.41
2026-10-01,V-001,R-04,19.42,20.18,20.82
2026-10-01,V-001,R-05,19.42,20.18,20.82
2026-10-01,V-001,R-06,19.03,19.78,20.41
2026-10-01,V-001,R-07,19.22,19.98,20.62
2026-10-01,V-001,R-08,18.65,19.38,20.0
2026-10-01,V-001,R-09,25.57,26.58,27.42
2026-10-01,V-001,R-10,29.03,30.18,31.13
2026-10-01,V-002,R-01,21.36,22.2,22.91
2026-10-01,V-002,R-02,20.93,21.76,22.45
2026-10-01,V-002,R-03,21.15,21.98,22.68
2026-10-01,V-002,R-04,21.57,22.43,23.14
2026-10-01,V-002,R-05,21.57,22.43,23.14
2026-10-01,V-002,R-06,21.15,21.98,22.68
2026-10-01,V-002,R-07,21.36,22.2,22.91
2026-10-01,V-002,R-08,20.72,21.54,22.22
2026-10-01,V-002,R-09,28.41,29.53,30.47
2026-10-01,V-002,R-10,32.25,33.53,34.59
2026-10-01,V-003,R-01,21.57,22.43,23.14
2026-10-01,V-003,R-02,21.14,21.98,22.67
2026-10-01,V-003,R-03,21.36,22.2,22.9
2026-10-01,V-003,R-04,21.79,22.65,23.37
2026-10-01,V-003,R-05,21.79,22.65,23.37
2026-10-01,V-003,R-06,21.36,22.2,22.9
2026-10-01,V-003,R-07,21.57,22.43,23.14
2026-10-01,V-003,R-08,20.93,21.75,22.44
2026-10-01,V-003,R-09,28.69,29.83,30.77
2026-10-01,V-003,R-10,32.57,33.86,34.93
2026-10-01,V-004,R-01,21.57,22.43,23.14
2026-10-01,V-004,R-02,21.14,21.98,22.67
2026-10-01,V-004,R-03,21.36,22.2,22.9
2026-10-01,V-004,R-04,21.79,22.65,23.37
2026-10-01,V-004,R-05,21.79,22.65,23.37
2026-10-01,V-004,R-06,21.36,22.2,22.9
2026-10-01,V-004,R-07,21.57,22.43,23.14
2026-10-01,V-004,R-08,20.93,21.75,22.44
2026-10-01,V-004,R-09,28.69,29.83,30.77
2026-10-01,V-004,R-10,32.57,33.86,34.93
2026-10-01,V-005,R-01,21.79,22.65,23.36
2026-10-01,V-005,R-02,21.35,22.2,22.9
2026-10-01,V-005,R-03,21.57,22.42,23.13
2026-10-01,V-005,R-04,22.0,22.88,23.6
2026-10-01,V-005,R-05,22.0,22.88,23.6
2026-10-01,V-005,R-06,21.57,22.42,23.13
2026-10-01,V-005,R-07,21.79,22.65,23.36
2026-10-01,V-005,R-08,21.13,21.97,22.66
2026-10-01,V-005,R-09,28.98,30.12,31.07
2026-10-01,V-005,R-10,32.9,34.2,35.28
2026-10-02,V-001,R-01,19.22,20.0,20.62
2026-10-02,V-001,R-02,18.84,19.6,20.2
2026-10-02,V-001,R-03,19.03,19.8,20.41
2026-10-02,V-001,R-04,19.41,20.2,20.82
2026-10-02,V-001,R-05,19.41,20.2,20.82
2026-10-02,V-001,R-06,19.03,19.8,20.41
2026-10-02,V-001,R-07,19.22,20.0,20.62
2026-10-02,V-001,R-08,18.64,19.4,20.0
2026-10-02,V-001,R-09,25.56,26.6,27.42
2026-10-02,V-001,R-10,29.02,30.2,31.13
2026-10-02,V-002,R-01,21.36,22.22,22.91
2026-10-02,V-002,R-02,20.93,21.78,22.45
2026-10-02,V-002,R-03,21.14,22.0,22.68
2026-10-02,V-002,R-04,21.57,22.44,23.14
2026-10-02,V-002,R-05,21.57,22.44,23.14
2026-10-02,V-002,R-06,21.14,22.0,22.68
2026-10-02,V-002,R-07,21.36,22.22,22.91
2026-10-02,V-002,R-08,20.71,21.56,22.22
2026-10-02,V-002,R-09,28.4,29.56,30.47
2026-10-02,V-002,R-10,32.25,33.56,34.59
2026-10-02,V-003,R-01,21.57,22.44,23.14
2026-10-02,V-003,R-02,21.14,22.0,22.67
2026-10-02,V-003,R-03,21.35,22.22,22.9
2026-10-02,V-003,R-04,21.78,22.67,23.37
2026-10-02,V-003,R-05,21.78,22.67,23.37
2026-10-02,V-003,R-06,21.35,22.22,22.9
2026-10-02,V-003,R-07,21.57,22.44,23.14
2026-10-02,V-003,R-08,20.92,21.77,22.44
2026-10-02,V-003,R-09,28.69,29.85,30.77
2026-10-02,V-003,R-10,32.57,33.89,34.93
2026-10-02,V-004,R-01,21.57,22.44,23.14
2026-10-02,V-004,R-02,21.14,22.0,22.67
2026-10-02,V-004,R-03,21.35,22.22,22.9
2026-10-02,V-004,R-04,21.78,22.67,23.37
2026-10-02,V-004,R-05,21.78,22.67,23.37
2026-10-02,V-004,R-06,21.35,22.22,22.9
2026-10-02,V-004,R-07,21.57,22.44,23.14
2026-10-02,V-004,R-08,20.92,21.77,22.44
2026-10-02,V-004,R-09,28.69,29.85,30.77
2026-10-02,V-004,R-10,32.57,33.89,34.93
2026-10-02,V-005,R-01,21.78,22.67,23.36
2026-10-02,V-005,R-02,21.35,22.21,22.9
2026-10-02,V-005,R-03,21.56,22.44,23.13
2026-10-02,V-005,R-04,22.0,22.89,23.6
2026-10-02,V-005,R-05,22.0,22.89,23.6
2026-10-02,V-005,R-06,21.56,22.44,23.13
2026-10-02,V-005,R-07,21.78,22.67,23.36
2026-10-02,V-005,R-08,21.13,21.99,22.66
2026-10-02,V-005,R-09,28.97,30.15,31.07
2026-10-02,V-005,R-10,32.89,34.23,35.28
2026-10-03,V-001,R-01,19.22,19.99,20.62
2026-10-03,V-001,R-02,18.84,19.59,20.2
2026-10-03,V-001,R-03,19.03,19.79,20.41
2026-10-03,V-001,R-04,19.41,20.19,20.82
2026-10-03,V-001,R-05,19.41,20.19,20.82
2026-10-03,V-001,R-06,19.03,19.79,20.41
2026-10-03,V-001,R-07,19.22,19.99,20.62
2026-10-03,V-001,R-08,18.64,19.39,20.0
2026-10-03,V-001,R-09,25.56,26.58,27.42
2026-10-03,V-001,R-10,29.02,30.18,31.13
2026-10-03,V-002,R-01,21.36,22.21,22.91
2026-10-03,V-002,R-02,20.93,21.76,22.45
2026-10-03,V-002,R-03,21.14,21.99,22.68
2026-10-03,V-002,R-04,21.57,22.43,23.14
2026-10-03,V-002,R-05,21.57,22.43,23.14
2026-10-03,V-002,R-06,21.14,21.99,22.68
2026-10-03,V-002,R-07,21.36,22.21,22.91
2026-10-03,V-002,R-08,20.71,21.54,22.22
2026-10-03,V-002,R-09,28.4,29.54,30.47
2026-10-03,V-002,R-10,32.25,33.53,34.59
2026-10-03,V-003,R-01,21.57,22.43,23.14
2026-10-03,V-003,R-02,21.14,21.98,22.67
2026-10-03,V-003,R-03,21.35,22.2,22.9
2026-10-03,V-003,R-04,21.78,22.65,23.37
2026-10-03,V-003,R-05,21.78,22.65,23.37
2026-10-03,V-003,R-06,21.35,22.2,22.9
2026-10-03,V-003,R-07,21.57,22.43,23.14
2026-10-03,V-003,R-08,20.92,21.76,22.44
2026-10-03,V-003,R-09,28.69,29.83,30.77
2026-10-03,V-003,R-10,32.57,33.87,34.93
2026-10-03,V-004,R-01,21.57,22.43,23.14
2026-10-03,V-004,R-02,21.14,21.98,22.67
2026-10-03,V-004,R-03,21.35,22.2,22.9
2026-10-03,V-004,R-04,21.78,22.65,23.37
2026-10-03,V-004,R-05,21.78,22.65,23.37
2026-10-03,V-004,R-06,21.35,22.2,22.9
2026-10-03,V-004,R-07,21.57,22.43,23.14
2026-10-03,V-004,R-08,20.92,21.76,22.44
2026-10-03,V-004,R-09,28.69,29.83,30.77
2026-10-03,V-004,R-10,32.57,33.87,34.93
2026-10-03,V-005,R-01,21.78,22.65,23.36
2026-10-03,V-005,R-02,21.35,22.2,22.9
2026-10-03,V-005,R-03,21.56,22.42,23.13
2026-10-03,V-005,R-04,22.0,22.88,23.6
2026-10-03,V-005,R-05,22.0,22.88,23.6
2026-10-03,V-005,R-06,21.56,22.42,23.13
2026-10-03,V-005,R-07,21.78,22.65,23.36
2026-10-03,V-005,R-08,21.13,21.97,22.66
2026-10-03,V-005,R-09,28.97,30.13,31.07
2026-10-03,V-005,R-10,32.89,34.2,35.28
2026-10-04,V-001,R-01,19.22,19.94,20.62
2026-10-04,V-001,R-02,18.84,19.54,20.2
2026-10-04,V-001,R-03,19.03,19.74,20.41
2026-10-04,V-001,R-04,19.41,20.13,20.82
2026-10-04,V-001,R-05,19.41,20.13,20.82
2026-10-04,V-001,R-06,19.03,19.74,20.41
2026-10-04,V-001,R-07,19.22,19.94,20.62
2026-10-04,V-001,R-08,18.64,19.34,20.0
2026-10-04,V-001,R-09,25.56,26.51,27.42
2026-10-04,V-001,R-10,29.02,30.1,31.13
2026-10-04,V-002,R-01,21.36,22.15,22.91
2026-10-04,V-002,R-02,20.93,21.71,22.45
2026-10-04,V-002,R-03,21.14,21.93,22.68
2026-10-04,V-002,R-04,21.57,22.37,23.14
2026-10-04,V-002,R-05,21.57,22.37,23.14
2026-10-04,V-002,R-06,21.14,21.93,22.68
2026-10-04,V-002,R-07,21.36,22.15,22.91
2026-10-04,V-002,R-08,20.71,21.49,22.22
2026-10-04,V-002,R-09,28.4,29.46,30.47
2026-10-04,V-002,R-10,32.25,33.45,34.59
2026-10-04,V-003,R-01,21.57,22.37,23.14
2026-10-04,V-003,R-02,21.14,21.92,22.67
2026-10-04,V-003,R-03,21.35,22.15,22.9
2026-10-04,V-003,R-04,21.78,22.6,23.37
2026-10-04,V-003,R-05,21.78,22.6,23.37
2026-10-04,V-003,R-06,21.35,22.15,22.9
2026-10-04,V-003,R-07,21.57,22.37,23.14
2026-10-04,V-003,R-08,20.92,21.7,22.44
2026-10-04,V-003,R-09,28.69,29.75,30.77
2026-10-04,V-003,R-10,32.57,33.78,34.93
2026-10-04,V-004,R-01,21.57,22.37,23.14
2026-10-04,V-004,R-02,21.14,21.92,22.67
2026-10-04,V-004,R-03,21.35,22.15,22.9
2026-10-04,V-004,R-04,21.78,22.6,23.37
2026-10-04,V-004,R-05,21.78,22.6,23.37
2026-10-04,V-004,R-06,21.35,22.15,22.9
2026-10-04,V-004,R-07,21.57,22.37,23.14
2026-10-04,V-004,R-08,20.92,21.7,22.44
2026-10-04,V-004,R-09,28.69,29.75,30.77
2026-10-04,V-004,R-10,32.57,33.78,34.93
2026-10-04,V-005,R-01,21.78,22.59,23.36
2026-10-04,V-005,R-02,21.35,22.14,22.9
2026-10-04,V-005,R-03,21.56,22.37,23.13
2026-10-04,V-005,R-04,22.0,22.82,23.6
2026-10-04,V-005,R-05,22.0,22.82,23.6
2026-10-04,V-005,R-06,21.56,22.37,23.13
2026-10-04,V-005,R-07,21.78,22.59,23.36
2026-10-04,V-005,R-08,21.13,21.92,22.66
2026-10-04,V-005,R-09,28.97,30.05,31.07
2026-10-04,V-005,R-10,32.89,34.12,35.28
2026-10-05,V-001,R-01,19.22,19.94,20.62
2026-10-05,V-001,R-02,18.84,19.54,20.2
2026-10-05,V-001,R-03,19.03,19.74,20.41
2026-10-05,V-001,R-04,19.41,20.13,20.82
2026-10-05,V-001,R-05,19.41,20.13,20.82
2026-10-05,V-001,R-06,19.03,19.74,20.41
2026-10-05,V-001,R-07,19.22,19.94,20.62
2026-10-05,V-001,R-08,18.64,19.34,20.0
2026-10-05,V-001,R-09,25.56,26.51,27.42
2026-10-05,V-001,R-10,29.02,30.1,31.13
2026-10-05,V-002,R-01,21.36,22.15,22.91
2026-10-05,V-002,R-02,20.93,21.71,22.45
2026-10-05,V-002,R-03,21.14,21.93,22.68
2026-10-05,V-002,R-04,21.57,22.37,23.14
2026-10-05,V-002,R-05,21.57,22.37,23.14
2026-10-05,V-002,R-06,21.14,21.93,22.68
2026-10-05,V-002,R-07,21.36,22.15,22.91
2026-10-05,V-002,R-08,20.71,21.49,22.22
2026-10-05,V-002,R-09,28.4,29.46,30.47
2026-10-05,V-002,R-10,32.25,33.45,34.59
2026-10-05,V-003,R-01,21.57,22.37,23.14
2026-10-05,V-003,R-02,21.14,21.92,22.67
2026-10-05,V-003,R-03,21.35,22.15,22.9
2026-10-05,V-003,R-04,21.78,22.6,23.37
2026-10-05,V-003,R-05,21.78,22.6,23.37
2026-10-05,V-003,R-06,21.35,22.15,22.9
2026-10-05,V-003,R-07,21.57,22.37,23.14
2026-10-05,V-003,R-08,20.92,21.7,22.44
2026-10-05,V-003,R-09,28.69,29.75,30.77
2026-10-05,V-003,R-10,32.57,33.78,34.93
2026-10-05,V-004,R-01,21.57,22.37,23.14
2026-10-05,V-004,R-02,21.14,21.92,22.67
2026-10-05,V-004,R-03,21.35,22.15,22.9
2026-10-05,V-004,R-04,21.78,22.6,23.37
2026-10-05,V-004,R-05,21.78,22.6,23.37
2026-10-05,V-004,R-06,21.35,22.15,22.9
2026-10-05,V-004,R-07,21.57,22.37,23.14
2026-10-05,V-004,R-08,20.92,21.7,22.44
2026-10-05,V-004,R-09,28.69,29.75,30.77
2026-10-05,V-004,R-10,32.57,33.78,34.93
2026-10-05,V-005,R-01,21.78,22.59,23.36
2026-10-05,V-005,R-02,21.35,22.14,22.9
2026-10-05,V-005,R-03,21.56,22.37,23.13
2026-10-05,V-005,R-04,22.0,22.82,23.6
2026-10-05,V-005,R-05,22.0,22.82,23.6
2026-10-05,V-005,R-06,21.56,22.37,23.13
2026-10-05,V-005,R-07,21.78,22.59,23.36
2026-10-05,V-005,R-08,21.13,21.92,22.66
2026-10-05,V-005,R-09,28.97,30.05,31.07
2026-10-05,V-005,R-10,32.89,34.12,35.28
2026-10-06,V-001,R-01,19.22,19.94,20.62
2026-10-06,V-001,R-02,18.84,19.54,20.2
2026-10-06,V-001,R-03,19.03,19.74,20.41
2026-10-06,V-001,R-04,19.41,20.13,20.82
2026-10-06,V-001,R-05,19.41,20.13,20.82
2026-10-06,V-001,R-06,19.03,19.74,20.41
2026-10-06,V-001,R-07,19.22,19.94,20.62
2026-10-06,V-001,R-08,18.64,19.34,20.0
2026-10-06,V-001,R-09,25.56,26.51,27.42
2026-10-06,V-001,R-10,29.02,30.1,31.13
2026-10-06,V-002,R-01,21.36,22.15,22.91
2026-10-06,V-002,R-02,20.93,21.71,22.45
2026-10-06,V-002,R-03,21.14,21.93,22.68
2026-10-06,V-002,R-04,21.57,22.37,23.14
2026-10-06,V-002,R-05,21.57,22.37,23.14
2026-10-06,V-002,R-06,21.14,21.93,22.68
2026-10-06,V-002,R-07,21.36,22.15,22.91
2026-10-06,V-002,R-08,20.71,21.49,22.22
2026-10-06,V-002,R-09,28.4,29.46,30.47
2026-10-06,V-002,R-10,32.25,33.45,34.59
2026-10-06,V-003,R-01,21.57,22.37,23.14
2026-10-06,V-003,R-02,21.14,21.92,22.67
2026-10-06,V-003,R-03,21.35,22.15,22.9
2026-10-06,V-003,R-04,21.78,22.6,23.37
2026-10-06,V-003,R-05,21.78,22.6,23.37
2026-10-06,V-003,R-06,21.35,22.15,22.9
2026-10-06,V-003,R-07,21.57,22.37,23.14
2026-10-06,V-003,R-08,20.92,21.7,22.44
2026-10-06,V-003,R-09,28.69,29.75,30.77
2026-10-06,V-003,R-10,32.57,33.78,34.93
2026-10-06,V-004,R-01,21.57,22.37,23.14
2026-10-06,V-004,R-02,21.14,21.92,22.67
2026-10-06,V-004,R-03,21.35,22.15,22.9
2026-10-06,V-004,R-04,21.78,22.6,23.37
2026-10-06,V-004,R-05,21.78,22.6,23.37
2026-10-06,V-004,R-06,21.35,22.15,22.9
2026-10-06,V-004,R-07,21.57,22.37,23.14
2026-10-06,V-004,R-08,20.92,21.7,22.44
2026-10-06,V-004,R-09,28.69,29.75,30.77
2026-10-06,V-004,R-10,32.57,33.78,34.93
2026-10-06,V-005,R-01,21.78,22.59,23.36
2026-10-06,V-005,R-02,21.35,22.14,22.9
2026-10-06,V-005,R-03,21.56,22.37,23.13
2026-10-06,V-005,R-04,22.0,22.82,23.6
2026-10-06,V-005,R-05,22.0,22.82,23.6
2026-10-06,V-005,R-06,21.56,22.37,23.13
2026-10-06,V-005,R-07,21.78,22.59,23.36
2026-10-06,V-005,R-08,21.13,21.92,22.66
2026-10-06,V-005,R-09,28.97,30.05,31.07
2026-10-06,V-005,R-10,32.89,34.12,35.28
